{
    "x1": -9.0,
    "x2": 7.46999979019165,
    "y1": -6.0,
    "y2": 5.021236896514893,
    "timer": 73.69667053222656,
    "inicio": 1,
    "frutas": 0,
    "melancia": 0,
    "laranja": 0,
    "abacaxi": 0
}