{
    "x1": -7.0,
    "x2": 7.734363079071045,
    "y1": 1.0,
    "y2": 1.614917278289795,
    "timer": 59.22187423706055,
    "inicio": 1,
    "frutas": 0,
    "melancia": 0,
    "laranja": 0,
    "abacaxi": 0
}