{
    "x1": 0.0,
    "x2": 0.10287410765886307,
    "y1": 0.0,
    "y2": 0.018917351961135865,
    "timer": 0.0,
    "inicio": 0,
    "frutas": 0,
    "melancia": 0,
    "laranja": 0,
    "abacaxi": 0
}