{
    "x1": -3.0,
    "x2": 5.265636920928955,
    "y1": 2.0,
    "y2": 1.0256381034851075,
    "timer": 60.618431091308597,
    "inicio": 1,
    "frutas": 1,
    "melancia": 1,
    "laranja": 0,
    "abacaxi": 0
}