{
    "x1": -8.0,
    "x2": 7.734363079071045,
    "y1": -4.0,
    "y2": -5.974362850189209,
    "timer": 54.884674072265628,
    "inicio": 0,
    "frutas": 1,
    "melancia": 1,
    "laranja": 0,
    "abacaxi": 0,
    "pa": {
        "instanceID": 0
    }
}